Techstack,Links
"React, Node.js, MongoDB",https://github.com/HuXn-WebDev/MERN-E-Commerce-Store
"Angular,.NET, SQL Server",https://github.com/aspnetrun/run-aspnetcore-angular_retired
"Vue.js, Ruby on Rails, PostgreSQL",https://github.com/vueonrails/vueonrails
"Python, Django, MySQL",https://github.com/gothinkster/realworld
"Java, Spring Boot, Oracle",https://github.com/spring-projects/spring-boot
"Flutter, Firebase, GraphQL",https://github.com/firebase/flutterfire
"WordPress, PHP, MySQL",https://github.com/WordPress/WordPress
"Magento, PHP, MySQL",https://github.com/magento/magento2
"React Native, Node.js, MongoDB",https://github.com/facebook/react-native
"iOS, Swift, Core Data",https://github.com/apple/swift
"Android, Java, Room Persistence",https://github.com/android/architecture-samples
"Kotlin, Android, Firebase",https://github.com/firebase/firebase-android-sdk
"Android TV, Kotlin, Android NDK",https://github.com/android/ndk-samples
"iOS, Swift, ARKit",https://github.com/olucurious/Awesome-ARKit
"Cross-platform, Xamarin, Azure",https://github.com/xamarin/xamarin-forms-samples
"Backend, Kotlin, Spring Boot",https://github.com/spring-projects/spring-boot
"Frontend, TypeScript, Angular",https://github.com/angular/angular
"Full-stack, JavaScript, Express.js",https://github.com/expressjs/express
"Machine Learning, Python, TensorFlow",https://github.com/tensorflow/tensorflow
"DevOps, Jenkins, Docker",https://github.com/jenkinsci/jenkins
